step,euler,symplectic-euler,midpoint,backwards-euler
0.500000,,,,
0.250000,7.380872,4.529371,4.915443,-1.527721
0.125000,-5.375022,5.502809,7.579571,1.682016
0.062500,1.701236,5.106089,8.263111,6.642051
0.031250,3.129251,4.618190,8.264813,-23.329893
0.015630,3.622619,4.319823,8.171322,0.748414
0.007810,3.825027,4.161173,8.087349,2.847380
0.003910,3.914942,4.081192,8.097561,3.514909
0.001950,3.958042,4.041136,8.200000,3.776851
0.000980,3.981702,4.018103,7.692308,3.893626
