step,euler,symplectic-euler,midpoint,backwards-euler
0.500000,,,,
0.250000,1.503101,1.503101,77.334118,0.636422
0.125000,3.442190,3.442190,-1.064007,-3.509106
0.062500,4.090020,4.090020,4.998766,1.235972
0.031250,4.153509,4.153509,6.778438,3.245808
0.015630,4.104957,4.104957,7.453338,4.044384
0.007810,4.059688,4.059688,7.747549,4.169692
0.003910,4.031496,4.031496,7.846154,4.125019
0.001950,4.016445,4.016445,8.666667,4.074097
0.000980,4.007605,4.007605,6.666667,4.039235
