step,euler,symplectic-euler,midpoint,backwards-euler
0.5,7.380872,4.529371,4.915443,1.527721
0.25,5.375022,5.502809,7.579571,1.682016
0.125,1.701236,5.106089,8.263111,6.642051
0.0625,3.129251,4.61819,8.264813,23.329893
0.03125,3.622619,4.319823,8.171322,0.748414
0.01563,3.825027,4.161173,8.087349,2.84738
0.00781,3.914942,4.081192,8.097561,3.514909
0.00391,3.958042,4.041136,8.2,3.776851
0.00195,3.981702,4.018103,7.692308,3.893626
0.00098,,,,
