step,euler,symplectic-euler,midpoint,backwards-euler
0.5,1.503101,1.503101,77.334118,0.636422
0.25,3.44219,3.44219,-1.064007,-3.509106
0.125,4.09002,4.09002,4.998766,1.235972
0.0625,4.153509,4.153509,6.778438,3.245808
0.03125,4.104957,4.104957,7.453338,4.044384
0.01563,4.059688,4.059688,7.747549,4.169692
0.00781,4.031496,4.031496,7.846154,4.125019
0.00391,4.016445,4.016445,8.666667,4.074097
0.00195,4.007605,4.007605,6.666667,4.039235
0.00098,,,,
