Displacement,damp = 0,damp = 0.5
euler,4.098746,2.400098
symplectic_euler,4.486432,2.589986
midpoint,7.696831,2.510173
backwards_euler,5.329207,2.111750
